County,State,Date,Year,Month,Period Begin,Period End,Homes Sold,Homes Sold with Price Drop,Homes Sold with Price Drop (%),Median Sale Price,Median Sales Price per Sqft,Price Drops,Listings with Price Drop (%),New Listings,Median New List Price,Median New Listing Price per Sqft,Inventory,Active Listings,Age of Inventory,Median List Price,Median List Price per Sqft,Average Offer to List,Average Sale to List Ratio,Median Days on Market,Months of Supply,Price Drops of Inventory (%),Homes Sold Above List (%)
Mecklenburg County, NC,2017-01-01,2017,January,2017-01-09 00:00:00,2017-01-15,265,75,28.30%,249000.0,117.62,99,2.02%,378,259450.0,$123.04,4594,4899,76.0,"$289,877.50",$124.89,0.88,0.98,82.0,18.49,2.15%,23.02%
Mecklenburg County, NC,2017-01-01,2017,January,2017-01-16 00:00:00,2017-01-22,267,74,27.72%,200000.0,110.88,120,2.40%,450,254950.0,$116.83,4699,5008,74.0,"$285,910.00",$124.02,0.99,0.98,67.0,18.76,2.55%,18.35%
Mecklenburg County, NC,2017-01-01,2017,January,2017-01-30 00:00:00,2017-02-05,306,81,26.47%,209950.0,107.55,118,2.24%,498,249950.0,$124.01,4922,5261,65.0,"$289,383.00",$124.83,0.86,0.98,78.5,17.19,2.40%,23.86%
Mecklenburg County, NC,2017-02-01,2017,February,2017-02-06 00:00:00,2017-02-12,243,50,20.58%,195500.0,115.12,136,2.50%,535,243990.0,$120.36,5174,5444,59.0,"$287,445.50",$125.16,0.97,0.97,78.0,22.40,2.63%,25.51%
Mecklenburg County, NC,2017-02-01,2017,February,2017-02-20 00:00:00,2017-02-26,314,79,25.16%,228700.0,115.22,140,2.42%,450,239700.0,$122.14,5442,5776,44.0,"$289,000.00",$125.79,0.99,0.99,73.0,18.39,2.57%,26.75%
Mecklenburg County, NC,2017-02-01,2017,February,2017-02-27 00:00:00,2017-03-05,436,99,22.71%,229750.0,118.45,166,2.76%,578,265000.0,$124.19,5525,6008,44.0,"$289,500.00",$126.18,0.99,0.99,56.0,13.78,3.00%,25.00%
Mecklenburg County, NC,2017-03-01,2017,March,2017-03-13 00:00:00,2017-03-19,393,82,20.87%,242250.0,121.12,152,2.45%,561,269900.0,$126.08,5793,6214,41.0,"$291,810.00",$126.68,1.00,0.99,55.0,15.81,2.62%,30.53%
Mecklenburg County, NC,2017-03-01,2017,March,2017-03-20 00:00:00,2017-03-26,371,63,16.98%,230000.0,120.44,154,2.44%,524,250000.0,$124.61,5911,6306,43.0,"$293,000.00",$126.95,0.97,0.99,51.0,17.00,2.61%,31.54%
Mecklenburg County, NC,2017-03-01,2017,March,2017-03-27 00:00:00,2017-04-02,622,137,22.03%,252500.0,118.69,149,2.30%,585,267000.0,$129.95,5837,6487,40.0,"$295,000.00",$127.56,1.00,0.99,58.0,10.43,2.55%,25.24%
Mecklenburg County, NC,2017-04-01,2017,April,2017-04-03 00:00:00,2017-04-09,342,60,17.54%,235000.0,122.70,163,2.50%,686,265000.0,$121.90,6157,6515,39.0,"$295,500.00",$127.58,0.96,0.99,49.0,19.05,2.65%,28.36%
Mecklenburg County, NC,2017-04-01,2017,April,2017-04-10 00:00:00,2017-04-16,370,64,17.30%,247500.0,120.62,141,2.12%,508,239900.0,$119.78,6259,6651,40.0,"$294,744.00",$127.24,0.99,0.99,56.0,17.98,2.25%,27.84%
Mecklenburg County, NC,2017-04-01,2017,April,2017-04-17 00:00:00,2017-04-23,435,83,19.08%,245000.0,124.60,197,2.86%,651,269000.0,$126.26,6426,6897,40.0,"$294,900.00",$127.52,0.98,0.99,57.0,15.86,3.07%,34.48%
Mecklenburg County, NC,2017-04-01,2017,April,2017-04-24 00:00:00,2017-04-30,630,106,16.83%,239950.0,120.60,222,3.23%,471,265000.0,$125.40,6231,6880,41.0,"$297,000.00",$127.51,0.99,1.00,53.0,10.92,3.56%,36.19%
Mecklenburg County, NC,2017-05-01,2017,May,2017-05-01 00:00:00,2017-05-07,417,75,17.99%,238003.0,118.06,207,3.03%,606,264950.0,$125.70,6367,6821,41.0,"$299,900.00",$128.30,0.93,0.99,53.0,16.36,3.25%,31.41%
Mecklenburg County, NC,2017-05-01,2017,May,2017-05-08 00:00:00,2017-05-14,397,58,14.61%,238000.0,122.50,219,3.15%,597,278650.0,$130.67,6510,6946,42.0,"$299,900.00",$129.26,0.99,0.99,50.0,17.50,3.36%,31.99%
Mecklenburg County, NC,2017-05-01,2017,May,2017-05-29 00:00:00,2017-06-04,524,92,17.56%,235000.0,117.23,240,3.37%,526,265000.0,$125.67,6577,7131,45.0,"$299,900.00",$129.02,0.98,0.99,56.0,13.61,3.65%,33.02%
Mecklenburg County, NC,2017-06-01,2017,June,2017-06-05 00:00:00,2017-06-11,454,91,20.04%,248500.0,122.65,231,3.27%,503,272404.0,$122.31,6582,7069,45.0,"$299,925.00",$129.39,1.00,0.99,55.0,15.57,3.51%,29.52%
Mecklenburg County, NC,2017-06-01,2017,June,2017-06-12 00:00:00,2017-06-18,547,117,21.39%,257485.0,122.35,225,3.20%,446,257130.0,$122.66,6446,7022,46.0,"$299,994.00",$129.19,0.88,0.99,61.0,12.84,3.49%,32.36%
Mecklenburg County, NC,2017-06-01,2017,June,2017-06-26 00:00:00,2017-07-02,725,153,21.10%,260000.0,123.78,201,2.90%,491,247000.0,$122.91,6156,6936,47.0,"$299,900.00",$129.01,0.99,0.99,60.0,9.57,3.27%,29.10%
Mecklenburg County, NC,2017-07-01,2017,July,2017-07-03 00:00:00,2017-07-09,297,55,18.52%,225000.0,113.91,173,2.63%,433,255000.0,$123.34,6245,6576,51.0,"$299,900.00",$128.89,0.97,0.99,51.0,22.14,2.77%,33.67%
Mecklenburg County, NC,2017-07-01,2017,July,2017-07-10 00:00:00,2017-07-16,487,111,22.79%,250000.0,124.93,257,3.78%,574,249900.0,$124.36,6271,6803,51.0,"$299,900.00",$129.29,0.94,0.99,56.0,13.97,4.10%,27.93%
Mecklenburg County, NC,2017-07-01,2017,July,2017-07-17 00:00:00,2017-07-23,469,114,24.31%,240000.0,120.51,241,3.55%,543,231000.0,$120.17,6296,6796,50.0,"$298,500.00",$128.59,0.96,0.99,56.5,14.49,3.83%,33.05%
Mecklenburg County, NC,2017-07-01,2017,July,2017-07-24 00:00:00,2017-07-30,524,137,26.15%,257000.0,120.38,264,3.88%,514,249500.0,$126.33,6244,6800,49.0,"$298,250.00",$128.77,0.98,0.99,56.0,12.98,4.23%,25.95%
Mecklenburg County, NC,2017-07-01,2017,July,2017-07-31 00:00:00,2017-08-06,472,113,23.94%,235000.0,115.73,256,3.80%,507,250000.0,$120.64,6196,6733,47.0,"$297,700.00",$128.77,0.99,0.99,53.5,14.26,4.13%,29.87%
Mecklenburg County, NC,2017-08-01,2017,August,2017-08-07 00:00:00,2017-08-13,392,87,22.19%,225500.0,119.08,199,3.00%,448,223950.0,$116.99,6193,6636,48.0,"$295,500.00",$128.70,0.97,0.99,49.0,16.93,3.21%,32.65%
Mecklenburg County, NC,2017-08-01,2017,August,2017-08-14 00:00:00,2017-08-20,405,82,20.25%,237900.0,118.42,237,3.56%,473,255000.0,$126.60,6212,6653,50.0,"$295,700.00",$128.87,0.96,0.99,53.5,16.43,3.82%,29.38%
Mecklenburg County, NC,2017-08-01,2017,August,2017-08-21 00:00:00,2017-08-27,422,102,24.17%,233250.0,120.04,220,3.30%,456,246950.0,$122.48,6193,6662,50.0,"$297,500.00",$128.99,1.00,0.99,54.0,15.79,3.55%,27.49%
Mecklenburg County, NC,2017-08-01,2017,August,2017-08-28 00:00:00,2017-09-03,584,124,21.23%,236750.0,119.51,223,3.34%,484,240000.0,$119.68,6010,6668,51.0,"$299,000.00",$128.79,0.96,0.99,52.0,11.42,3.71%,30.31%
Mecklenburg County, NC,2017-09-01,2017,September,2017-09-11 00:00:00,2017-09-17,409,102,24.94%,240500.0,118.52,217,3.33%,463,259900.0,$133.03,6067,6523,52.0,"$299,900.00",$131.08,0.98,0.99,55.0,15.95,3.58%,24.21%
Mecklenburg County, NC,2017-09-01,2017,September,2017-09-18 00:00:00,2017-09-24,373,90,24.13%,235000.0,118.02,262,4.05%,413,249900.0,$126.16,6059,6474,54.0,"$300,000.00",$131.54,0.97,0.99,57.0,17.36,4.32%,27.61%
Mecklenburg County, NC,2017-09-01,2017,September,2017-09-25 00:00:00,2017-10-01,636,141,22.17%,228047.0,114.73,238,3.65%,462,239900.0,$130.27,5837,6517,53.0,"$299,994.50",$132.19,0.94,0.99,61.0,10.25,4.08%,25.79%
Mecklenburg County, NC,2017-10-01,2017,October,2017-10-02 00:00:00,2017-10-08,322,89,27.64%,236250.0,118.74,230,3.68%,430,240000.0,$123.55,5887,6251,53.0,"$300,000.00",$133.26,0.94,0.99,56.5,19.41,3.91%,27.95%
Mecklenburg County, NC,2017-10-01,2017,October,2017-10-09 00:00:00,2017-10-15,319,87,27.27%,225000.0,117.89,209,3.34%,385,260000.0,$126.35,5904,6265,55.0,"$304,263.00",$133.42,0.93,0.99,57.0,19.64,3.54%,24.14%
Mecklenburg County, NC,2017-10-01,2017,October,2017-10-16 00:00:00,2017-10-22,403,98,24.32%,225000.0,120.56,212,3.37%,393,250000.0,$130.73,5820,6284,55.0,"$305,000.00",$134.17,0.95,0.99,59.0,15.59,3.64%,30.02%
Mecklenburg County, NC,2017-10-01,2017,October,2017-10-23 00:00:00,2017-10-29,417,113,27.10%,234000.0,123.10,242,3.93%,348,245000.0,$126.32,5694,6164,58.0,"$308,950.00",$134.61,0.97,0.99,62.0,14.78,4.25%,26.38%
Mecklenburg County, NC,2017-11-01,2017,November,2017-11-13 00:00:00,2017-11-19,462,131,28.35%,245000.0,125.58,202,3.41%,352,237500.0,$124.61,5416,5930,58.0,"$300,000.00",$134.17,0.90,0.98,61.0,12.84,3.73%,23.81%
Mecklenburg County, NC,2017-11-01,2017,November,2017-11-27 00:00:00,2017-12-03,487,135,27.72%,237000.0,123.00,155,2.74%,337,258000.0,$128.89,5062,5649,61.0,"$303,000.00",$134.43,0.90,0.99,61.0,11.60,3.06%,25.67%
Mecklenburg County, NC,2017-12-01,2017,December,2017-12-04 00:00:00,2017-12-10,332,102,30.72%,230000.0,119.10,114,2.16%,229,216900.0,$118.07,4912,5284,65.0,"$308,950.00",$134.93,0.98,0.98,62.5,15.92,2.32%,22.29%
Mecklenburg County, NC,2017-12-01,2017,December,2017-12-11 00:00:00,2017-12-17,410,118,28.78%,255357.5,123.60,86,1.67%,244,249950.0,$128.41,4682,5154,68.0,"$309,900.00",$135.22,0.97,0.98,62.0,12.57,1.84%,27.07%
Mecklenburg County, NC,2017-12-01,2017,December,2017-12-18 00:00:00,2017-12-24,391,110,28.13%,250000.0,125.84,50,1.02%,204,223400.0,$116.92,4451,4886,72.0,"$309,900.00",$135.40,0.99,0.99,60.0,12.50,1.12%,25.58%
Mecklenburg County, NC,2017-12-01,2017,December,2017-12-25 00:00:00,2017-12-31,371,116,31.27%,263000.0,120.00,40,0.87%,153,254900.0,$124.86,4221,4603,74.0,"$310,000.00",$135.58,0.99,0.98,71.0,12.41,0.95%,18.87%
Mecklenburg County, NC,2018-01-01,2018,January,2018-01-08 00:00:00,2018-01-14,268,75,27.99%,230000.0,122.07,108,2.35%,346,259900.0,$130.60,4295,4592,73.0,"$310,000.00",$136.46,0.95,0.98,68.5,17.13,2.51%,22.76%
Mecklenburg County, NC,2018-01-01,2018,January,2018-01-15 00:00:00,2018-01-21,208,67,32.21%,251081.5,128.97,81,1.76%,321,259000.0,$137.85,4352,4608,74.0,"$312,000.00",$137.23,0.96,0.99,76.5,22.15,1.86%,25.00%
Mecklenburg County, NC,2018-01-01,2018,January,2018-01-22 00:00:00,2018-01-28,246,68,27.64%,235000.0,121.00,125,2.63%,404,249450.0,$129.19,4374,4749,73.0,"$305,000.00",$135.92,0.95,0.98,67.5,19.30,2.86%,22.76%
Mecklenburg County, NC,2018-01-01,2018,January,2018-01-29 00:00:00,2018-02-04,319,96,30.09%,227000.0,119.05,122,2.55%,417,264575.0,$132.69,4294,4776,67.0,"$305,880.50",$136.83,0.95,0.99,74.0,14.97,2.84%,23.82%
Mecklenburg County, NC,2018-02-01,2018,February,2018-02-05 00:00:00,2018-02-11,223,57,25.56%,243600.0,117.25,156,3.28%,465,260675.0,$132.23,4376,4754,63.0,"$309,900.00",$138.14,0.98,0.99,66.0,21.32,3.56%,29.15%
Mecklenburg County, NC,2018-02-01,2018,February,2018-02-12 00:00:00,2018-02-18,285,70,24.56%,240000.0,121.54,122,2.53%,462,274950.0,$135.77,4424,4827,58.0,"$314,000.00",$139.28,0.98,0.99,58.0,16.94,2.76%,29.12%
Mecklenburg County, NC,2018-02-01,2018,February,2018-02-19 00:00:00,2018-02-25,266,73,27.44%,249500.0,124.64,160,3.27%,479,265900.0,$137.08,4488,4899,50.0,"$319,000.00",$140.92,0.99,0.99,62.0,18.42,3.57%,30.08%
Mecklenburg County, NC,2018-02-01,2018,February,2018-02-26 00:00:00,2018-03-04,479,101,21.09%,251000.0,127.12,151,3.01%,546,282250.0,$135.91,4438,5017,47.0,"$319,000.00",$141.48,0.99,0.99,49.0,10.47,3.40%,27.56%
Mecklenburg County, NC,2018-03-01,2018,March,2018-03-05 00:00:00,2018-03-11,308,64,20.78%,249750.0,129.87,148,2.96%,573,275000.0,$133.23,4601,5006,44.0,"$325,000.00",$141.91,0.98,0.99,49.0,16.25,3.22%,35.06%
Mecklenburg County, NC,2018-03-01,2018,March,2018-03-12 00:00:00,2018-03-18,403,97,24.07%,250000.0,126.47,164,3.19%,557,279000.0,$134.34,4654,5140,40.0,"$324,900.00",$141.80,0.94,0.99,51.0,12.75,3.52%,28.54%
Mecklenburg County, NC,2018-03-01,2018,March,2018-03-19 00:00:00,2018-03-25,390,83,21.28%,245550.0,133.83,188,3.63%,540,285000.0,$136.90,4678,5177,39.0,"$325,000.00",$142.48,0.99,0.99,48.0,13.27,4.02%,30.77%
Mecklenburg County, NC,2018-03-01,2018,March,2018-03-26 00:00:00,2018-04-01,514,119,23.15%,265000.0,130.17,158,3.06%,494,279900.0,$130.39,4637,5161,39.0,"$329,790.00",$142.12,0.99,0.99,47.5,10.04,3.41%,28.60%
Mecklenburg County, NC,2018-04-01,2018,April,2018-04-02 00:00:00,2018-04-08,355,65,18.31%,242900.0,126.89,171,3.29%,579,289900.0,$139.10,4738,5199,38.0,"$329,900.00",$142.94,0.99,0.99,43.0,14.65,3.61%,29.58%
Mecklenburg County, NC,2018-04-01,2018,April,2018-04-09 00:00:00,2018-04-15,385,76,19.74%,259000.0,128.22,210,3.94%,599,300000.0,$138.05,4840,5331,38.0,"$330,000.00",$143.53,1.01,0.99,46.0,13.85,4.34%,28.57%
Mecklenburg County, NC,2018-04-01,2018,April,2018-04-16 00:00:00,2018-04-22,428,76,17.76%,250000.0,125.86,189,3.54%,514,289900.0,$137.52,4874,5340,39.0,"$330,000.00",$144.08,0.99,0.99,44.0,12.48,3.88%,29.21%
Mecklenburg County, NC,2018-04-01,2018,April,2018-04-23 00:00:00,2018-04-29,489,89,18.20%,250000.0,127.76,197,3.65%,530,279450.0,$139.07,4897,5397,41.0,"$330,000.00",$144.89,0.98,0.99,44.0,11.04,4.02%,32.52%
Mecklenburg County, NC,2018-05-01,2018,May,2018-05-07 00:00:00,2018-05-13,409,92,22.49%,255000.0,131.72,271,4.89%,585,274105.0,$133.20,5078,5545,39.0,"$329,925.00",$146.00,0.98,0.99,41.0,13.56,5.34%,33.99%
Mecklenburg County, NC,2018-05-01,2018,May,2018-05-14 00:00:00,2018-05-20,471,113,23.99%,266000.0,134.47,264,4.64%,614,279000.0,$139.70,5168,5689,39.0,"$329,850.00",$146.01,0.99,0.99,42.0,12.08,5.11%,31.63%
Mecklenburg County, NC,2018-05-01,2018,May,2018-05-28 00:00:00,2018-06-03,593,134,22.60%,250990.0,132.44,250,4.43%,472,269000.0,$136.27,5072,5648,39.0,"$329,900.00",$145.34,0.97,0.99,43.0,9.52,4.93%,29.68%
Mecklenburg County, NC,2018-06-01,2018,June,2018-06-04 00:00:00,2018-06-10,426,85,19.95%,262000.0,127.19,255,4.55%,543,274900.0,$132.15,5147,5605,40.0,"$330,000.00",$144.82,1.01,0.99,42.0,13.16,4.95%,31.69%
Mecklenburg County, NC,2018-06-01,2018,June,2018-06-11 00:00:00,2018-06-17,471,102,21.66%,278000.0,133.97,260,4.57%,553,275000.0,$136.74,5227,5693,41.0,"$331,115.00",$144.52,0.98,0.99,41.0,12.09,4.97%,28.66%
Mecklenburg County, NC,2018-06-01,2018,June,2018-06-18 00:00:00,2018-06-24,448,94,20.98%,271000.0,133.08,271,4.70%,544,262450.0,$131.94,5219,5762,44.0,"$329,900.00",$144.43,0.99,0.99,44.0,12.86,5.19%,34.60%
Mecklenburg County, NC,2018-06-01,2018,June,2018-06-25 00:00:00,2018-07-01,678,141,20.80%,266000.0,133.88,240,4.20%,505,254900.0,$133.04,5116,5715,44.0,"$327,492.50",$144.55,0.98,0.99,43.0,8.43,4.69%,32.60%
Mecklenburg County, NC,2018-07-01,2018,July,2018-07-02 00:00:00,2018-07-08,311,75,24.12%,252000.0,133.61,191,3.47%,387,259900.0,$130.41,5108,5498,46.5,"$329,000.00",$144.78,0.99,0.99,46.0,17.68,3.74%,26.37%
Mecklenburg County, NC,2018-07-01,2018,July,2018-07-09 00:00:00,2018-07-15,473,109,23.04%,253000.0,130.03,300,5.29%,574,259900.0,$136.08,5152,5672,45.0,"$325,000.00",$144.59,0.98,0.99,47.0,11.99,5.82%,29.81%
Mecklenburg County, NC,2018-07-01,2018,July,2018-07-16 00:00:00,2018-07-22,464,105,22.63%,251000.0,130.56,294,5.16%,552,261000.0,$130.75,5199,5698,45.0,"$325,000.00",$144.23,0.97,0.99,44.0,12.28,5.65%,28.02%
Mecklenburg County, NC,2018-07-01,2018,July,2018-07-23 00:00:00,2018-07-29,426,113,26.53%,245000.0,130.20,297,5.27%,441,269000.0,$133.33,5186,5631,46.0,"$324,900.00",$143.84,0.98,0.99,47.0,13.22,5.73%,25.35%
Mecklenburg County, NC,2018-07-01,2018,July,2018-07-30 00:00:00,2018-08-05,512,143,27.93%,243995.0,130.84,295,5.19%,508,245000.0,$130.58,5151,5687,47.0,"$321,900.00",$143.59,0.98,0.99,46.0,11.11,5.73%,29.69%
Mecklenburg County, NC,2018-08-01,2018,August,2018-08-06 00:00:00,2018-08-12,365,89,24.38%,252400.0,130.00,256,4.53%,501,247000.0,$132.05,5250,5645,47.0,"$320,000.00",$143.18,0.97,0.99,46.0,15.47,4.88%,25.48%
Mecklenburg County, NC,2018-08-01,2018,August,2018-08-13 00:00:00,2018-08-19,398,109,27.39%,265500.0,131.59,312,5.48%,452,264900.0,$130.68,5242,5692,48.0,"$320,000.00",$143.02,0.97,0.99,47.5,14.30,5.95%,28.14%
Mecklenburg County, NC,2018-08-01,2018,August,2018-08-20 00:00:00,2018-08-26,441,129,29.25%,252210.0,129.20,264,4.68%,407,279900.0,$140.46,5178,5642,48.0,"$321,900.00",$143.75,0.98,0.99,45.0,12.79,5.10%,24.26%
Mecklenburg County, NC,2018-08-01,2018,August,2018-08-27 00:00:00,2018-09-02,500,146,29.20%,269200.0,131.98,262,4.67%,438,250000.0,$135.73,5108,5607,50.0,"$319,920.00",$144.25,0.96,0.98,48.0,11.21,5.13%,25.40%
Mecklenburg County, NC,2018-09-01,2018,September,2018-09-10 00:00:00,2018-09-16,311,97,31.19%,254000.0,131.27,172,3.14%,319,259900.0,$134.82,5100,5471,53.0,"$324,749.50",$144.91,0.99,0.99,52.0,17.59,3.37%,26.05%
Mecklenburg County, NC,2018-09-01,2018,September,2018-09-24 00:00:00,2018-09-30,555,152,27.39%,250000.0,125.72,277,5.02%,421,279500.0,$133.06,5000,5521,54.0,"$321,900.00",$144.82,0.98,0.99,46.0,9.95,5.54%,27.57%
Mecklenburg County, NC,2018-10-01,2018,October,2018-10-01 00:00:00,2018-10-07,316,106,33.54%,235000.0,126.10,307,5.67%,426,259950.0,$134.16,5023,5418,55.0,"$320,000.00",$145.30,0.98,0.98,50.0,17.15,6.11%,25.63%
Mecklenburg County, NC,2018-10-01,2018,October,2018-10-08 00:00:00,2018-10-14,306,98,32.03%,257000.0,128.54,240,4.41%,421,259900.0,$135.89,5044,5440,57.0,"$320,000.00",$145.63,1.00,0.98,50.0,17.78,4.76%,24.84%
Mecklenburg County, NC,2018-10-01,2018,October,2018-10-15 00:00:00,2018-10-21,339,101,29.79%,253450.0,126.83,311,5.67%,444,265000.0,$135.00,5096,5483,54.0,"$319,900.00",$145.38,0.98,0.98,58.0,16.17,6.10%,22.12%
Mecklenburg County, NC,2018-10-01,2018,October,2018-10-22 00:00:00,2018-10-28,291,90,30.93%,248000.0,126.95,254,4.65%,372,260000.0,$138.30,5100,5457,57.0,"$319,000.00",$145.84,0.99,0.98,48.5,18.75,4.98%,25.43%
Mecklenburg County, NC,2018-11-01,2018,November,2018-11-12 00:00:00,2018-11-18,314,107,34.08%,259218.5,135.94,241,4.50%,351,265000.0,$136.45,4938,5350,58.0,"$317,390.50",$146.11,0.99,0.98,54.0,17.04,4.88%,17.52%
Mecklenburg County, NC,2018-11-01,2018,November,2018-11-26 00:00:00,2018-12-02,455,145,31.87%,243000.0,128.45,201,3.88%,308,244950.0,$134.18,4692,5175,62.0,"$314,500.00",$146.09,0.98,0.98,53.0,11.37,4.28%,23.52%
Mecklenburg County, NC,2018-12-01,2018,December,2018-12-03 00:00:00,2018-12-09,334,99,29.64%,239950.0,129.52,151,3.04%,279,259200.0,$140.98,4578,4968,65.0,"$315,000.00",$146.73,0.93,0.98,54.0,14.87,3.30%,20.06%
Mecklenburg County, NC,2018-12-01,2018,December,2018-12-10 00:00:00,2018-12-16,344,115,33.43%,251000.0,132.27,134,2.79%,225,250000.0,$137.55,4426,4799,67.0,"$315,000.00",$147.06,0.95,0.98,59.5,13.95,3.03%,17.15%
Mecklenburg County, NC,2018-12-01,2018,December,2018-12-17 00:00:00,2018-12-23,417,157,37.65%,256000.0,131.38,98,2.10%,236,245000.0,$133.43,4252,4657,71.0,"$315,000.00",$146.78,0.95,0.98,58.0,11.17,2.30%,18.71%
Mecklenburg County, NC,2018-12-01,2018,December,2018-12-24 00:00:00,2018-12-30,222,72,32.43%,248500.0,123.94,71,1.62%,124,249950.0,$130.18,4149,4375,75.0,"$319,700.00",$147.39,0.99,0.99,62.0,19.71,1.71%,22.52%
Mecklenburg County, NC,2018-12-01,2018,December,2018-12-31 00:00:00,2019-01-06,213,74,34.74%,248000.0,129.43,150,3.42%,244,245000.0,$134.08,4094,4388,78.0,"$319,000.00",$147.64,1.00,0.98,59.0,20.60,3.66%,15.02%
Mecklenburg County, NC,2019-01-01,2019,January,2019-01-07 00:00:00,2019-01-13,225,91,40.44%,237000.0,127.45,176,3.94%,377,263902.0,$138.33,4167,4465,76.0,"$314,900.00",$147.25,0.97,0.97,61.5,19.84,4.22%,16.00%
Mecklenburg County, NC,2019-01-01,2019,January,2019-01-14 00:00:00,2019-01-20,244,84,34.43%,227500.0,131.08,179,3.96%,363,269000.0,$142.50,4178,4519,75.0,"$314,900.00",$147.82,1.00,0.98,65.5,18.52,4.28%,17.62%
Mecklenburg County, NC,2019-01-01,2019,January,2019-01-21 00:00:00,2019-01-27,213,73,34.27%,232000.0,127.14,218,4.78%,398,291500.0,$144.36,4274,4565,74.0,"$315,656.00",$148.69,0.97,0.98,58.0,21.43,5.10%,27.70%
Mecklenburg County, NC,2019-01-01,2019,January,2019-01-28 00:00:00,2019-02-03,326,124,38.04%,252500.0,129.95,182,3.83%,489,303000.0,$139.19,4347,4751,68.0,"$319,152.00",$148.65,1.00,0.98,69.0,14.57,4.19%,18.40%
Mecklenburg County, NC,2019-02-01,2019,February,2019-02-04 00:00:00,2019-02-10,196,62,31.63%,240200.0,126.95,191,4.01%,430,299900.0,$144.69,4460,4763,66.0,"$319,900.00",$149.82,0.98,0.98,65.0,24.30,4.28%,15.31%
Mecklenburg County, NC,2019-02-01,2019,February,2019-02-11 00:00:00,2019-02-17,318,119,37.42%,239000.0,127.44,180,3.67%,452,269900.0,$141.90,4524,4900,59.0,"$319,900.00",$150.13,1.01,0.98,63.5,15.41,3.98%,23.27%
Mecklenburg County, NC,2019-02-01,2019,February,2019-02-18 00:00:00,2019-02-24,269,97,36.06%,255000.0,135.14,169,3.45%,377,316950.0,$154.32,4548,4893,51.0,"$325,000.00",$151.86,0.99,0.98,56.0,18.19,3.72%,18.22%
Mecklenburg County, NC,2019-02-01,2019,February,2019-02-25 00:00:00,2019-03-03,498,163,32.73%,260000.0,131.91,189,3.70%,564,285000.0,$145.08,4602,5102,46.0,"$325,000.00",$152.02,1.00,0.98,54.5,10.24,4.11%,21.49%
Mecklenburg County, NC,2019-03-01,2019,March,2019-03-04 00:00:00,2019-03-10,306,99,32.35%,267250.0,137.14,205,4.02%,515,288677.0,$145.63,4736,5104,44.0,"$325,000.00",$153.36,0.98,0.98,49.0,16.68,4.33%,21.57%
Mecklenburg County, NC,2019-03-01,2019,March,2019-03-11 00:00:00,2019-03-17,388,120,30.93%,259865.0,136.76,212,4.05%,509,317000.0,$147.39,4811,5229,44.0,"$329,000.00",$153.81,0.98,0.98,51.0,13.48,4.41%,24.23%
Mecklenburg County, NC,2019-03-01,2019,March,2019-03-18 00:00:00,2019-03-24,330,104,31.52%,261000.0,134.71,204,3.83%,517,297613.0,$141.18,4886,5321,45.0,"$329,900.00",$154.08,0.97,0.99,49.0,16.12,4.18%,24.24%
Mecklenburg County, NC,2019-03-01,2019,March,2019-03-25 00:00:00,2019-03-31,550,174,31.64%,265000.0,132.54,251,4.65%,530,310000.0,$150.22,4908,5403,44.0,"$334,000.00",$155.28,0.98,0.98,51.0,9.82,5.11%,21.64%
Mecklenburg County, NC,2019-04-01,2019,April,2019-04-01 00:00:00,2019-04-07,399,121,30.33%,255000.0,138.00,253,4.60%,597,300000.0,$145.66,5010,5496,41.0,"$335,000.00",$155.64,0.99,0.98,48.0,13.77,5.05%,27.07%
Mecklenburg County, NC,2019-04-01,2019,April,2019-04-08 00:00:00,2019-04-14,369,95,25.75%,263280.0,136.79,213,3.81%,591,299450.0,$143.01,5156,5588,43.0,"$339,900.00",$155.69,0.99,0.98,43.0,15.14,4.13%,25.75%
Mecklenburg County, NC,2019-04-01,2019,April,2019-04-15 00:00:00,2019-04-21,362,96,26.52%,274933.0,143.89,205,3.65%,468,285000.0,$142.81,5205,5613,44.0,"$339,000.00",$155.16,0.99,0.99,48.0,15.51,3.94%,24.31%
Mecklenburg County, NC,2019-04-01,2019,April,2019-04-22 00:00:00,2019-04-28,444,119,26.80%,276500.0,141.25,263,4.57%,560,299999.0,$149.45,5273,5761,44.0,"$339,900.00",$155.48,0.96,0.99,48.0,12.98,4.99%,25.90%
Mecklenburg County, NC,2019-05-01,2019,May,2019-05-06 00:00:00,2019-05-12,402,106,26.37%,275000.0,135.65,277,4.73%,624,280000.0,$137.73,5378,5861,42.0,"$339,900.00",$154.00,0.98,0.99,47.5,14.58,5.15%,25.62%
Mecklenburg County, NC,2019-05-01,2019,May,2019-05-13 00:00:00,2019-05-19,466,123,26.39%,267500.0,138.61,293,4.91%,608,299900.0,$142.31,5443,5964,41.0,"$339,000.00",$153.11,0.98,0.98,44.0,12.80,5.38%,28.76%
Mecklenburg County, NC,2019-05-01,2019,May,2019-05-20 00:00:00,2019-05-26,459,125,27.23%,279000.0,139.76,309,5.13%,599,265000.0,$135.46,5525,6029,43.0,"$335,000.00",$151.66,0.99,0.99,44.0,13.14,5.59%,25.93%
Mecklenburg County, NC,2019-05-01,2019,May,2019-05-27 00:00:00,2019-06-02,510,132,25.88%,282500.0,139.18,293,4.89%,482,280000.0,$143.65,5477,5989,43.0,"$334,900.00",$151.69,0.99,0.99,44.0,11.74,5.35%,27.84%
Mecklenburg County, NC,2019-06-01,2019,June,2019-06-10 00:00:00,2019-06-16,485,114,23.51%,299250.0,144.19,285,4.72%,523,285000.0,$141.10,5518,6035,44.0,"$332,550.00",$151.39,0.99,0.99,47.0,12.44,5.16%,27.01%
Mecklenburg County, NC,2019-06-01,2019,June,2019-06-17 00:00:00,2019-06-23,447,121,27.07%,274000.0,141.67,294,4.86%,544,283427.5,$141.95,5543,6052,44.0,"$329,900.00",$151.31,0.99,0.99,46.0,13.54,5.30%,25.50%
Mecklenburg County, NC,2019-06-01,2019,June,2019-06-24 00:00:00,2019-06-30,702,206,29.34%,285642.5,141.73,274,4.52%,517,278000.0,$146.60,5448,6057,45.0,"$329,900.00",$151.70,0.98,0.99,48.0,8.63,5.03%,23.50%
Mecklenburg County, NC,2019-07-01,2019,July,2019-07-01 00:00:00,2019-07-07,313,86,27.48%,265000.0,134.43,187,3.23%,349,274900.0,$130.51,5420,5788,47.0,"$329,999.00",$151.42,0.98,0.99,40.0,18.49,3.45%,25.56%
Mecklenburg County, NC,2019-07-01,2019,July,2019-07-08 00:00:00,2019-07-14,446,133,29.82%,300000.0,143.43,316,5.31%,539,278900.0,$141.62,5482,5956,49.0,"$329,745.00",$151.39,0.99,0.99,52.0,13.35,5.76%,20.63%
Mecklenburg County, NC,2019-07-01,2019,July,2019-07-15 00:00:00,2019-07-21,448,134,29.91%,278576.5,139.02,323,5.37%,545,277500.0,$141.62,5539,6017,48.0,"$325,000.00",$150.90,0.97,0.98,47.0,13.43,5.83%,27.68%
Mecklenburg County, NC,2019-07-01,2019,July,2019-07-22 00:00:00,2019-07-28,439,138,31.44%,285000.0,141.04,279,4.64%,480,285000.0,$139.54,5519,6013,51.0,"$325,000.00",$150.70,1.01,0.98,50.0,13.70,5.06%,20.27%
Mecklenburg County, NC,2019-07-01,2019,July,2019-07-29 00:00:00,2019-08-04,539,171,31.73%,275000.0,136.54,306,5.05%,541,289900.0,$140.88,5481,6055,51.0,"$325,000.00",$150.18,0.98,0.98,48.0,11.23,5.58%,23.75%
Mecklenburg County, NC,2019-08-01,2019,August,2019-08-05 00:00:00,2019-08-11,386,121,31.35%,259625.0,138.31,327,5.45%,519,280000.0,$139.07,5552,5995,51.0,"$325,000.00",$150.09,0.95,0.98,48.0,15.53,5.89%,22.28%
Mecklenburg County, NC,2019-08-01,2019,August,2019-08-12 00:00:00,2019-08-18,467,136,29.12%,275000.0,136.59,281,4.67%,467,260900.0,$139.83,5491,6013,52.0,"$324,876.00",$150.22,1.03,0.99,50.0,12.88,5.12%,26.98%
Mecklenburg County, NC,2019-08-01,2019,August,2019-08-19 00:00:00,2019-08-25,420,144,34.29%,287500.0,141.02,285,4.74%,532,286500.0,$146.78,5515,6012,49.0,"$324,900.00",$150.79,1.00,0.99,53.0,14.31,5.17%,21.67%
Mecklenburg County, NC,2019-08-01,2019,August,2019-08-26 00:00:00,2019-09-01,652,194,29.75%,255000.0,136.40,287,4.85%,417,275490.0,$143.16,5279,5916,51.0,"$322,000.00",$150.70,1.00,0.98,46.0,9.07,5.44%,20.40%
Mecklenburg County, NC,2019-09-01,2019,September,2019-09-02 00:00:00,2019-09-08,314,103,32.80%,284750.0,139.84,291,5.11%,436,270000.0,$149.69,5340,5700,52.0,"$324,900.00",$152.15,0.99,0.99,48.0,18.15,5.45%,21.97%
Mecklenburg County, NC,2019-09-01,2019,September,2019-09-09 00:00:00,2019-09-15,432,140,32.41%,275000.0,135.70,301,5.17%,493,289900.0,$146.30,5354,5825,52.0,"$324,900.00",$152.67,0.97,0.98,49.0,13.48,5.62%,22.45%
Mecklenburg County, NC,2019-09-01,2019,September,2019-09-30 00:00:00,2019-10-06,493,146,29.61%,260000.0,136.62,304,5.32%,476,276450.0,$143.64,5156,5710,52.0,"$327,000.00",$153.81,0.99,0.98,49.0,11.58,5.90%,25.76%
Mecklenburg County, NC,2019-10-01,2019,October,2019-10-07 00:00:00,2019-10-13,382,120,31.41%,263000.0,138.22,275,4.89%,479,295000.0,$150.41,5194,5627,52.0,"$329,500.00",$154.72,0.95,0.98,50.0,14.73,5.29%,23.30%
Mecklenburg County, NC,2019-10-01,2019,October,2019-10-14 00:00:00,2019-10-20,383,119,31.07%,279000.0,140.20,249,4.46%,395,277940.0,$145.76,5155,5580,53.0,"$330,000.00",$155.48,0.99,0.98,49.0,14.57,4.83%,22.72%
Mecklenburg County, NC,2019-10-01,2019,October,2019-10-21 00:00:00,2019-10-27,410,143,34.88%,270000.0,134.52,219,3.92%,442,289950.0,$145.82,5145,5588,53.0,"$330,000.00",$155.16,0.99,0.98,55.0,13.63,4.26%,23.41%
Mecklenburg County, NC,2019-10-01,2019,October,2019-10-28 00:00:00,2019-11-03,549,206,37.52%,264990.0,138.41,258,4.65%,407,295000.0,$150.24,4966,5545,53.0,"$330,900.00",$155.56,0.98,0.98,58.0,10.10,5.20%,20.77%
Mecklenburg County, NC,2019-11-01,2019,November,2019-11-04 00:00:00,2019-11-10,335,120,35.82%,275000.0,140.73,270,5.09%,345,282500.0,$148.02,4906,5308,55.0,"$330,650.00",$156.76,0.98,0.98,56.0,15.84,5.50%,19.70%
Mecklenburg County, NC,2019-11-01,2019,November,2019-11-11 00:00:00,2019-11-17,343,111,32.36%,280000.0,136.73,190,3.62%,355,279900.0,$143.73,4845,5254,56.0,"$330,966.50",$157.06,1.00,0.98,56.0,15.32,3.92%,19.53%
Mecklenburg County, NC,2019-11-01,2019,November,2019-11-18 00:00:00,2019-11-24,427,123,28.81%,266000.0,139.67,186,3.60%,328,276000.0,$143.38,4697,5166,58.0,"$334,900.00",$157.31,1.00,0.98,50.0,12.10,3.96%,19.20%
Mecklenburg County, NC,2019-11-01,2019,November,2019-11-25 00:00:00,2019-12-01,333,114,34.23%,278000.0,141.13,95,1.94%,221,284900.0,$148.52,4577,4909,59.0,"$337,000.00",$158.07,0.98,0.98,49.0,14.74,2.08%,19.22%
Mecklenburg County, NC,2019-12-01,2019,December,2019-12-02 00:00:00,2019-12-08,420,152,36.19%,280500.0,143.73,160,3.27%,314,275000.0,$146.62,4466,4889,61.0,"$335,000.00",$157.61,0.99,0.98,54.5,11.64,3.58%,19.76%
Mecklenburg County, NC,2019-12-01,2019,December,2019-12-09 00:00:00,2019-12-15,400,140,35.00%,265000.0,139.26,124,2.61%,297,264995.0,$145.50,4316,4756,65.0,"$332,676.00",$157.55,0.99,0.98,56.0,11.89,2.87%,20.75%
Mecklenburg County, NC,2019-12-01,2019,December,2019-12-16 00:00:00,2019-12-22,499,165,33.07%,270000.0,137.57,90,1.97%,249,262000.0,$146.14,4071,4563,66.0,"$332,875.50",$158.30,0.97,0.98,60.0,9.14,2.21%,19.44%
Mecklenburg County, NC,2019-12-01,2019,December,2019-12-23 00:00:00,2019-12-29,186,64,34.41%,262000.0,133.45,33,0.78%,142,254900.0,$139.56,4005,4209,69.0,"$335,000.00",$158.73,0.99,0.98,59.0,22.63,0.82%,29.03%
Mecklenburg County, NC,2019-12-01,2019,December,2019-12-30 00:00:00,2020-01-05,292,92,31.51%,273000.0,141.62,106,2.50%,239,259500.0,$142.18,3904,4240,72.0,"$335,000.00",$158.40,0.98,0.98,59.5,14.52,2.72%,19.86%
Mecklenburg County, NC,2020-01-01,2020,January,2020-01-06 00:00:00,2020-01-12,293,107,36.52%,262000.0,134.52,180,4.19%,399,278957.5,$154.64,3923,4295,71.0,"$332,914.00",$158.74,0.97,0.98,63.5,14.66,4.59%,22.53%
Mecklenburg County, NC,2020-01-01,2020,January,2020-01-13 00:00:00,2020-01-19,301,111,36.88%,270000.0,139.67,142,3.28%,414,293750.0,$143.01,3937,4328,69.0,"$335,000.00",$158.44,0.98,0.98,61.0,14.38,3.61%,19.93%
Mecklenburg County, NC,2020-01-01,2020,January,2020-01-20 00:00:00,2020-01-26,218,73,33.49%,270500.0,136.02,135,3.12%,406,279900.0,$146.67,4031,4333,67.0,"$334,900.00",$158.37,1.00,0.98,63.0,19.88,3.35%,20.64%
Mecklenburg County, NC,2020-01-01,2020,January,2020-01-27 00:00:00,2020-02-02,350,97,27.71%,281200.0,143.72,130,2.87%,505,285490.0,$149.23,4058,4525,61.0,"$330,000.00",$158.07,0.99,0.98,62.0,12.93,3.20%,18.57%
Mecklenburg County, NC,2020-02-01,2020,February,2020-02-03 00:00:00,2020-02-09,251,74,29.48%,265000.0,136.44,152,3.41%,409,303900.0,$152.28,4103,4456,59.0,"$335,000.00",$158.90,0.99,0.98,62.0,17.75,3.70%,19.92%
Mecklenburg County, NC,2020-02-01,2020,February,2020-02-10 00:00:00,2020-02-16,346,119,34.39%,279497.5,142.47,117,2.58%,432,315999.5,$152.91,4120,4534,52.0,"$337,500.00",$159.52,1.00,0.98,62.0,13.10,2.84%,20.52%
Mecklenburg County, NC,2020-02-01,2020,February,2020-02-17 00:00:00,2020-02-23,291,78,26.80%,282000.0,142.86,143,3.16%,416,298715.0,$149.23,4150,4527,47.0,"$339,507.00",$159.54,0.99,0.99,53.0,15.56,3.45%,23.37%
Mecklenburg County, NC,2020-02-01,2020,February,2020-02-24 00:00:00,2020-03-01,527,154,29.22%,273000.0,145.98,113,2.47%,440,314945.0,$154.88,4097,4581,46.0,"$340,000.00",$160.26,0.93,0.99,49.0,8.69,2.76%,24.48%
Mecklenburg County, NC,2020-03-01,2020,March,2020-03-02 00:00:00,2020-03-08,366,109,29.78%,287000.0,146.83,140,3.02%,549,317900.0,$156.93,4216,4637,44.0,"$344,900.00",$161.15,0.97,0.99,49.5,12.67,3.32%,27.32%
Mecklenburg County, NC,2020-03-01,2020,March,2020-03-09 00:00:00,2020-03-15,403,106,26.30%,276900.0,149.08,129,2.69%,593,334950.0,$155.32,4333,4801,42.0,"$349,900.00",$162.20,1.00,0.99,42.0,11.91,2.98%,26.55%
Mecklenburg County, NC,2020-03-01,2020,March,2020-03-16 00:00:00,2020-03-22,449,110,24.50%,285000.0,144.43,187,3.81%,575,299900.0,$152.75,4413,4903,39.0,"$350,000.00",$162.44,0.99,0.99,47.0,10.92,4.24%,25.61%
Mecklenburg County, NC,2020-03-01,2020,March,2020-03-23 00:00:00,2020-03-29,430,93,21.63%,300000.0,148.39,118,2.44%,433,274900.0,$146.58,4418,4836,38.0,"$348,412.00",$161.29,0.98,0.99,41.0,11.25,2.67%,25.35%
Mecklenburg County, NC,2020-03-01,2020,March,2020-03-30 00:00:00,2020-04-05,438,94,21.46%,310500.0,150.99,117,2.47%,324,300000.0,$147.62,4347,4732,38.0,"$345,000.00",$160.73,0.94,0.99,42.5,10.80,2.69%,27.40%
Mecklenburg County, NC,2020-04-01,2020,April,2020-04-06 00:00:00,2020-04-12,271,50,18.45%,285000.0,148.88,111,2.39%,303,273990.0,$146.43,4366,4643,41.0,"$340,000.00",$158.78,0.98,0.99,38.0,17.13,2.54%,35.06%
Mecklenburg County, NC,2020-04-01,2020,April,2020-04-13 00:00:00,2020-04-19,329,63,19.15%,300000.0,152.76,109,2.31%,366,284995.0,$147.21,4347,4728,45.0,"$338,000.00",$158.84,0.97,0.99,41.0,14.37,2.51%,32.52%
Mecklenburg County, NC,2020-04-01,2020,April,2020-04-20 00:00:00,2020-04-26,342,78,22.81%,321563.0,155.78,152,3.24%,339,299000.0,$148.45,4320,4685,48.0,"$339,900.00",$159.47,0.91,0.99,46.0,13.70,3.52%,28.65%
Mecklenburg County, NC,2020-04-01,2020,April,2020-04-27 00:00:00,2020-05-03,406,66,16.26%,295817.5,149.38,166,3.48%,455,335900.0,$162.56,4369,4769,51.0,"$345,000.00",$160.75,1.01,0.99,46.5,11.75,3.80%,27.34%
Mecklenburg County, NC,2020-05-01,2020,May,2020-05-04 00:00:00,2020-05-10,256,56,21.88%,300750.0,146.18,167,3.40%,550,323450.0,$155.43,4536,4911,51.0,"$345,000.00",$160.63,1.00,0.99,48.0,19.18,3.68%,26.17%
Mecklenburg County, NC,2020-05-01,2020,May,2020-05-11 00:00:00,2020-05-17,318,54,16.98%,288700.0,149.41,174,3.45%,528,325000.0,$157.89,4623,5049,53.0,"$349,000.00",$161.11,0.97,0.99,49.0,15.88,3.76%,25.79%
Mecklenburg County, NC,2020-05-01,2020,May,2020-05-18 00:00:00,2020-05-24,319,51,15.99%,291500.0,146.95,181,3.53%,514,309450.0,$150.27,4731,5130,52.0,"$349,900.00",$161.09,1.00,0.99,48.0,16.08,3.83%,27.90%
Mecklenburg County, NC,2020-05-01,2020,May,2020-05-25 00:00:00,2020-05-31,412,83,20.15%,285000.0,147.62,170,3.30%,423,340000.0,$156.65,4680,5147,50.5,"$350,000.00",$161.48,0.96,0.99,49.0,12.49,3.63%,25.24%
Mecklenburg County, NC,2020-06-01,2020,June,2020-06-08 00:00:00,2020-06-14,423,88,20.80%,305000.0,152.43,160,3.08%,467,319900.0,$157.28,4718,5200,45.0,"$356,697.50",$162.47,1.01,0.99,45.0,12.29,3.39%,26.48%
Mecklenburg County, NC,2020-06-01,2020,June,2020-06-15 00:00:00,2020-06-21,471,106,22.51%,294900.0,147.23,164,3.15%,497,309900.0,$157.75,4635,5202,45.0,"$355,000.00",$162.62,0.98,0.99,46.0,11.04,3.54%,26.96%
Mecklenburg County, NC,2020-06-01,2020,June,2020-06-22 00:00:00,2020-06-28,525,116,22.10%,308000.0,151.91,125,2.44%,496,300000.0,$150.75,4551,5122,45.0,"$353,355.00",$162.54,1.00,0.99,47.0,9.76,2.75%,27.24%
Mecklenburg County, NC,2020-06-01,2020,June,2020-06-29 00:00:00,2020-07-05,599,126,21.04%,302500.0,151.61,106,2.13%,442,300000.0,$153.11,4411,4985,46.0,"$352,973.50",$163.35,0.99,0.99,45.5,8.32,2.40%,27.38%
Mecklenburg County, NC,2020-07-01,2020,July,2020-07-06 00:00:00,2020-07-12,453,100,22.08%,307765.0,152.53,158,3.20%,527,319900.0,$160.12,4414,4935,45.0,"$357,150.00",$164.14,1.00,0.99,44.0,10.89,3.58%,30.46%
Mecklenburg County, NC,2020-07-01,2020,July,2020-07-13 00:00:00,2020-07-19,545,121,22.20%,305000.0,150.05,149,3.01%,547,319999.0,$154.74,4405,4955,44.0,"$359,900.00",$163.74,1.00,0.99,45.0,9.09,3.38%,31.93%
Mecklenburg County, NC,2020-07-01,2020,July,2020-07-20 00:00:00,2020-07-26,487,112,23.00%,295000.0,143.90,144,2.89%,594,301827.0,$155.78,4434,4991,42.0,"$356,999.50",$164.05,1.01,0.99,45.0,10.25,3.25%,31.83%
Mecklenburg County, NC,2020-07-01,2020,July,2020-07-27 00:00:00,2020-08-02,632,122,19.30%,304750.0,150.62,150,3.02%,535,324900.0,$161.18,4325,4963,39.0,"$360,000.00",$165.62,0.98,0.99,42.0,7.85,3.47%,31.49%
Mecklenburg County, NC,2020-08-01,2020,August,2020-08-03 00:00:00,2020-08-09,447,102,22.82%,309500.0,149.15,139,2.88%,509,315000.0,$156.03,4359,4827,39.0,"$360,000.00",$166.73,0.99,0.99,41.0,10.80,3.19%,36.24%
Mecklenburg County, NC,2020-08-01,2020,August,2020-08-10 00:00:00,2020-08-16,476,95,19.96%,325000.0,155.95,137,2.82%,509,323835.0,$160.19,4334,4860,38.0,"$361,839.00",$168.46,0.99,0.99,42.0,10.21,3.16%,36.55%
Mecklenburg County, NC,2020-08-01,2020,August,2020-08-17 00:00:00,2020-08-23,497,101,20.32%,308000.0,152.87,148,3.06%,509,305000.0,$157.93,4333,4836,38.0,"$359,900.00",$168.53,1.00,1.00,39.5,9.73,3.42%,38.03%
Mecklenburg County, NC,2020-08-01,2020,August,2020-08-24 00:00:00,2020-08-30,511,93,18.20%,300000.0,154.71,129,2.67%,507,324763.0,$165.12,4295,4832,40.0,"$359,900.00",$171.27,0.95,1.00,39.0,9.46,3.00%,35.23%
Mecklenburg County, NC,2020-08-01,2020,August,2020-08-31 00:00:00,2020-09-06,585,103,17.61%,309000.0,156.12,150,3.12%,513,320000.0,$157.53,4164,4803,40.0,"$361,908.50",$171.74,1.00,0.99,40.0,8.21,3.60%,35.04%
Mecklenburg County, NC,2020-09-01,2020,September,2020-09-07 00:00:00,2020-09-13,402,77,19.15%,295000.0,151.70,127,2.75%,466,325000.0,$159.83,4197,4617,41.0,"$365,000.00",$172.17,1.00,0.99,39.0,11.49,3.03%,38.81%
Mecklenburg County, NC,2020-09-01,2020,September,2020-09-14 00:00:00,2020-09-20,510,89,17.45%,312750.0,155.95,138,2.94%,497,312000.0,$163.11,4164,4688,41.0,"$365,000.00",$173.51,0.96,0.99,41.0,9.19,3.31%,35.29%
Mecklenburg County, NC,2020-09-01,2020,September,2020-09-28 00:00:00,2020-10-04,608,108,17.76%,307750.0,157.01,146,3.12%,496,308900.0,$161.75,4112,4677,41.0,"$359,999.00",$173.55,1.01,0.99,40.0,7.69,3.55%,35.53%
Mecklenburg County, NC,2020-10-01,2020,October,2020-10-05 00:00:00,2020-10-11,429,84,19.58%,300000.0,154.80,174,3.81%,461,315000.0,$161.92,4080,4562,43.0,"$362,000.00",$174.78,0.99,1.00,39.0,10.63,4.26%,39.63%
Mecklenburg County, NC,2020-10-01,2020,October,2020-10-12 00:00:00,2020-10-18,426,74,17.37%,310000.0,154.62,149,3.28%,476,309950.0,$160.70,4094,4548,43.0,"$362,720.00",$175.80,0.96,1.00,37.0,10.68,3.64%,38.97%
Mecklenburg County, NC,2020-10-01,2020,October,2020-10-19 00:00:00,2020-10-25,450,84,18.67%,307000.0,156.07,142,3.11%,484,315000.0,$164.42,4092,4570,42.0,"$362,034.50",$175.34,1.01,1.00,38.5,10.16,3.47%,42.44%
Mecklenburg County, NC,2020-10-01,2020,October,2020-10-26 00:00:00,2020-11-01,564,104,18.44%,315000.0,155.39,144,3.19%,432,300000.0,$156.87,3947,4512,42.0,"$360,000.00",$175.11,1.03,1.00,41.0,8.00,3.65%,36.88%
Mecklenburg County, NC,2020-11-01,2020,November,2020-11-02 00:00:00,2020-11-08,420,72,17.14%,306500.0,157.69,119,2.75%,386,313950.0,$167.90,3916,4324,44.0,"$360,000.00",$177.06,1.02,1.00,38.5,10.30,3.04%,38.10%
Mecklenburg County, NC,2020-11-01,2020,November,2020-11-09 00:00:00,2020-11-15,412,72,17.48%,304082.5,153.78,134,3.15%,352,306500.0,$164.04,3818,4259,44.0,"$360,000.00",$177.74,0.99,1.00,38.0,10.34,3.51%,38.35%
Mecklenburg County, NC,2020-11-01,2020,November,2020-11-16 00:00:00,2020-11-22,538,104,19.33%,320000.0,158.52,135,3.24%,358,324950.0,$159.24,3689,4169,45.0,"$364,895.00",$178.35,1.01,1.00,39.0,7.75,3.66%,39.78%
Mecklenburg County, NC,2020-11-01,2020,November,2020-11-23 00:00:00,2020-11-29,294,67,22.79%,307250.0,155.80,72,1.85%,213,314000.0,$160.49,3587,3899,49.0,"$365,000.00",$180.16,1.00,1.00,43.0,13.26,2.01%,36.73%
Mecklenburg County, NC,2020-11-01,2020,November,2020-11-30 00:00:00,2020-12-06,551,98,17.79%,317900.0,158.49,106,2.68%,375,315000.0,$164.38,3448,3959,51.0,"$360,000.00",$179.88,1.02,1.00,41.0,7.19,3.07%,36.48%
Mecklenburg County, NC,2020-12-01,2020,December,2020-12-07 00:00:00,2020-12-13,432,87,20.14%,320000.0,160.57,60,1.58%,347,295000.0,$162.50,3331,3795,52.0,"$359,900.00",$180.76,1.00,1.00,39.0,8.78,1.80%,39.58%
Mecklenburg County, NC,2020-12-01,2020,December,2020-12-14 00:00:00,2020-12-20,495,84,16.97%,313935.0,157.51,87,2.43%,249,300000.0,$161.65,3106,3574,57.0,"$362,000.00",$180.98,1.00,0.99,40.0,7.22,2.80%,34.95%
Mecklenburg County, NC,2020-12-01,2020,December,2020-12-21 00:00:00,2020-12-27,308,49,15.91%,315000.0,161.42,18,0.56%,133,309000.0,$164.45,2964,3236,60.0,"$368,000.00",$183.33,1.03,1.00,43.0,10.51,0.61%,38.31%
Mecklenburg County, NC,2020-12-01,2020,December,2020-12-28 00:00:00,2021-01-03,373,74,19.84%,298000.0,158.16,42,1.35%,153,319900.0,$159.76,2807,3116,65.0,"$369,900.00",$184.33,1.02,1.00,47.0,8.35,1.50%,41.29%
Mecklenburg County, NC,2021-01-01,2021,January,2021-01-04 00:00:00,2021-01-10,335,70,20.90%,297500.0,159.69,74,2.34%,359,300000.0,$163.87,2763,3163,61.0,"$369,900.00",$182.94,1.01,1.00,45.0,9.44,2.68%,43.28%
Mecklenburg County, NC,2021-01-01,2021,January,2021-01-11 00:00:00,2021-01-17,366,73,19.95%,310000.0,159.80,78,2.50%,355,307343.0,$171.31,2735,3118,59.0,"$369,900.00",$184.98,1.01,1.00,39.5,8.52,2.85%,44.26%
Mecklenburg County, NC,2021-01-01,2021,January,2021-01-18 00:00:00,2021-01-24,293,58,19.80%,309000.0,163.68,66,2.14%,346,325000.0,$172.60,2710,3080,55.0,"$373,714.50",$186.85,1.00,1.00,42.0,10.51,2.44%,40.61%
Mecklenburg County, NC,2021-01-01,2021,January,2021-01-25 00:00:00,2021-01-31,386,71,18.39%,313000.0,161.33,87,2.84%,352,332500.0,$174.52,2627,3060,56.0,"$375,000.00",$188.52,1.01,1.00,45.0,7.93,3.31%,35.75%
Mecklenburg County, NC,2021-02-01,2021,February,2021-02-01 00:00:00,2021-02-07,259,49,18.92%,325000.0,163.59,75,2.48%,398,336962.5,$176.91,2634,3019,51.0,"$379,000.00",$191.70,1.00,1.00,39.0,11.66,2.85%,37.45%
Mecklenburg County, NC,2021-02-01,2021,February,2021-02-08 00:00:00,2021-02-14,318,40,12.58%,312500.0,164.39,80,2.63%,413,326900.0,$178.41,2670,3040,39.0,"$380,000.00",$194.90,1.02,1.00,35.0,9.56,3.00%,43.71%
Mecklenburg County, NC,2021-02-01,2021,February,2021-02-15 00:00:00,2021-02-21,303,58,19.14%,320000.0,170.34,69,2.24%,417,310000.0,$164.73,2713,3086,39.0,"$376,165.00",$193.67,0.99,1.00,35.0,10.18,2.54%,38.61%
Mecklenburg County, NC,2021-02-01,2021,February,2021-02-22 00:00:00,2021-02-28,531,85,16.01%,322400.0,166.67,53,1.71%,388,325000.0,$180.72,2589,3092,37.0,"$380,000.00",$196.03,1.00,1.00,39.0,5.82,2.05%,40.11%
Mecklenburg County, NC,2021-03-01,2021,March,2021-03-01 00:00:00,2021-03-07,366,57,15.57%,343450.0,176.91,101,3.28%,500,325000.0,$180.27,2660,3082,33.0,"$377,462.50",$196.19,0.99,1.01,36.0,8.42,3.80%,48.91%
Mecklenburg County, NC,2021-03-01,2021,March,2021-03-08 00:00:00,2021-03-14,408,62,15.20%,340332.5,174.74,54,1.74%,450,325000.0,$179.46,2681,3099,32.0,"$375,000.00",$196.49,1.02,1.01,31.0,7.60,2.01%,53.19%
Mecklenburg County, NC,2021-03-01,2021,March,2021-03-15 00:00:00,2021-03-21,441,60,13.61%,320000.0,164.79,66,2.14%,411,345000.0,$178.57,2641,3085,33.0,"$375,000.00",$196.71,0.96,1.01,30.0,7.00,2.50%,51.47%
Mecklenburg County, NC,2021-03-01,2021,March,2021-03-22 00:00:00,2021-03-28,464,44,9.48%,341700.0,171.22,79,2.60%,405,370000.0,$200.52,2611,3039,31.0,"$380,000.00",$201.60,1.07,1.01,33.0,6.55,3.03%,49.78%
Mecklenburg County, NC,2021-03-01,2021,March,2021-03-29 00:00:00,2021-04-04,515,57,11.07%,345560.0,174.80,64,2.16%,356,329950.0,$184.07,2519,2964,31.0,"$380,000.00",$204.04,1.04,1.01,28.0,5.76,2.54%,53.59%
Mecklenburg County, NC,2021-04-01,2021,April,2021-04-05 00:00:00,2021-04-11,394,42,10.66%,335500.5,175.26,71,2.46%,371,370125.0,$184.97,2547,2889,35.0,"$387,260.00",$205.39,1.01,1.01,29.0,7.33,2.79%,56.09%
Mecklenburg County, NC,2021-04-01,2021,April,2021-04-12 00:00:00,2021-04-18,397,41,10.33%,337000.0,180.87,88,3.04%,350,354450.0,$196.77,2558,2896,37.0,"$390,000.00",$207.37,1.05,1.01,31.5,7.29,3.44%,53.65%
Mecklenburg County, NC,2021-04-01,2021,April,2021-04-19 00:00:00,2021-04-25,372,47,12.63%,335000.0,180.59,76,2.71%,249,404870.0,$189.08,2515,2803,37.0,"$399,000.00",$209.74,1.06,1.02,31.0,7.53,3.02%,53.49%
Mecklenburg County, NC,2021-04-01,2021,April,2021-04-26 00:00:00,2021-05-02,643,60,9.33%,356650.0,175.33,75,2.67%,301,391675.0,$198.36,2436,2812,37.0,"$405,500.00",$212.77,1.04,1.02,32.0,4.37,3.08%,51.17%
Mecklenburg County, NC,2021-05-01,2021,May,2021-05-03 00:00:00,2021-05-09,419,51,12.17%,349900.0,177.86,81,2.98%,287,367615.0,$196.19,2472,2722,36.0,"$409,900.00",$213.19,1.03,1.02,30.0,6.50,3.28%,54.42%
Mecklenburg County, NC,2021-05-01,2021,May,2021-05-10 00:00:00,2021-05-16,423,44,10.40%,338375.0,185.18,82,2.92%,335,365000.0,$189.42,2558,2806,35.0,"$402,357.50",$212.45,1.04,1.02,28.0,6.63,3.21%,59.81%
